{
    "Version": "2012-10-17",
    "Statement": [
        {
            "Sid": "VisualEditor0",
            "Effect": "Allow",
            "Action": [
                "dynamodb:PutItem",
                "dynamodb:DeleteItem",
                "dynamodb:GetItem",
                "dynamodb:Scan",
                "dynamodb:Query",
                "dynamodb:UpdateItem"
            ],
            "Resource": [
                "arn:aws:dynamodb:us-east-1:*:table/Groups-dev",
                "arn:aws:dynamodb:us-east-1:*:table/Images-dev"
            ]
        }
    ]
}
